{
  "cookies": "_scid_r=d1AyUd1qxKjHz2H7DwRznk7l_ta3fUwOyvyA3Q; _dd_s=aid=d700aceb-7c3c-43fa-9251-9533f800660a&logs=0&expire=1777544140015; _ttp=01KQEXADQB23KEFYASYEMCFM53_.tt.1; _uetvid=6c47ffd0447b11f18dde7fa6e53f1a99; __stripe_sid=c62075a8-aa58-44f5-a7a7-d8e02dd92a51f8bcb2; g_state={\"i_l\":0,\"i_ll\":1777543243430,\"i_b\":\"ho8ALwMF0CNMWsuVx+KkBkozghQlivg1QiURZiZPPbY\",\"i_e\":{\"enable_itp_optimization\":0},\"i_et\":1777543230605}; bradius=rate_limit_on; _tt_enable_cookie=1; forterToken=2ea37d88a8554acfa9f6ea6b4ee49ad4_1777543239935__UDF43-m4_24ck_; fpc_bpm=56e04a77-d9ec-4d9c-8691bb24b0d37aa1; device_uuid=35a70d36-f74b-4918-8cc6-14047428333a; ahoy_visit=5889ACA8-7d15-423e-b9e5-29cddc676cf2; build_sha=ed4e65d2474288e6dbf727683c7b32ca29fabfda; _uetsid=6c47ed60447b11f1950859b74531ff06; ahoy_visitor=C095F8C1-ccb2-4de6-b044-a4f07be222ef; _fbp=fb.1.1777543231333.227872048440943419; _scid=ftAyUd1qxKjHz2H7DwRznk7l_ta3fUwO; ttcsid=1777543231214::XhPkl4olDXJHa5TCRnXu.1.1777543243478.0::1.8349.12263::2325.2.0.0::0.0.0; _rdt_em=4cbf04228a77a0bc0657691bba68c7a3d514bb06154a52af5a94eef4030e1dd4; _ga_VL5WVTXMWP=GS2.1.s1777543231$o1$g0$t1777543239$j52$l0$h0; __Host-instacart_sid=v2.46f3313afe15b4.pWeJ5cdaIivVlNjiEUqhYQkbGgq7oX0KJ5Ec3odGn0k; X-IC-bcx=1; ttcsid_D23SJ1JC77U5781IKE5G=1777543231214::sIz5IS6YynGDd6BzS0cY.1.1777543243479.1; __stripe_mid=d24d03f4-7306-4760-9b78-d966cc83afff7b1d27; _gcl_au=1.1.1153999880.1777543230; _rdt_uuid=1777543230965.fa7ce329-652b-4c61-9f05-16042fb0d3aa; _sctr=1%7C1777521600000; _ga=GA1.1.23647804.1777543231; _instacart_session_id=MVFac1p3VG1kVGtCOXFDb0FGdjhkM05tdHYwM3pwajRpZVJkTHpXUHcrSll2bnc2Q2VPVkwwSjRycjdMcVRGNXFyVENiR1hFUUR0OTBPZW9qT1QxbElWa2d0cDZZcGxsL1VLQktCTS9NVUF1dzh6TFFjbUkrMXVxRXlBNXZlT1pmcjRkQmFiMjRGeHRJWXhFOVZJNE1BPT0tLXlGbHJzOVlGYUNyQkpjOTl0QytnL2c9PQ%3D%3D--8dfc8c3178bb5c79b1a7ec8dbef3d5c64747c862",
  "timestamp": 1777543256220,
  "responseCaptures": 27,
  "products": []
}