{
  "cookies": "fpc_bpm=06312bfd-ab68-40fe-a76d95ab74b71613; _uetvid=3b53514030d611f18698a937ef73cec9; ahoy_visit=4A7F39B7-f07a-4c38-a3e8-4478ddaa60cf; device_uuid=86d51537-d413-436d-b2a8-24f7f21b3770; bradius=rate_limit_on; _sctr=1%7C1775361600000; _ttp=01KNEHBT2F5BFXTD5RXYHGSVFX_.tt.1; _ga_VL5WVTXMWP=GS2.1.s1775383209$o1$g1$t1775383222$j47$l0$h0; __Host-instacart_sid=v2.462ebd95f787a0.8aUUJFQr0juVQ8vPZx63LY-lDgHqkMv9VuEaoJ6cl-4; _gcl_au=1.1.1366060793.1775383210; _ga=GA1.1.784210601.1775383210; _rdt_uuid=1775383209843.cb1e72c2-206c-49eb-821f-079d51ad5126; forterToken=07fa048fcab34526a9670621b53bcacf_1775383223046__UDF43-m4_24ck_; _dd_s=aid=afdceb5e-6b27-48db-8d20-d5ee11fbe0ed&logs=1&id=3a5dd2d4-a0a3-4467-91fd-8b2f7b8d57e3&created=1775383205016&expire=1775384123232; _instacart_session_id=ZnB4TnVQWEdFMHVQUFJscnVvcVRLK01naXUwU0NTeDZmVC94a1Z4dmprVHArVEJKRkNRNFdMZ1RqS2RETFdUS1dRczNnMllNZ05zODNGelVZZDBUWE52THAvVWhVYW5QQktSY3FVVlA1MnczYTA3QjA2QjltMUsyNXNOelVPby9QUEpWd0Z2MkpnWFA2d1I1aGhwWkxBPT0tLUZ6R0ZBam5qZlhzam5sSXQvY09jMGc9PQ%3D%3D--34466d410a62d92ab3e0657a31c36b71981a014d; g_state={\"i_l\":0,\"i_ll\":1775383225005,\"i_b\":\"rYB874zHdlLlvIK5Ucpyh9fw9c3wsxWAQdbOv6Uumdo\",\"i_e\":{\"enable_itp_optimization\":0}}; ttcsid=1775383210067::gCVFWWhvp0ngNFTc-C9y.1.1775383225038.0::1.12443.14971::6406.3.0.0::0.0.0; ttcsid_D23SJ1JC77U5781IKE5G=1775383210066::-O8_yYpLZjQ_lqmS5FFk.1.1775383225038.1; _tt_enable_cookie=1; _rdt_em=893bb24dc511916e0b518b0b7f1b15830da55af970e03cc054e3e92ac4b3b118; _scid=cxC1Pu8DF_HHyYM3xLODYZUlcbNJVkHw; _fbp=fb.1.1775383209941.311906877144219331; _scid_r=fJC1Pu8DF_HHyYM3xLODYZUlcbNJVkHwj6uQoA; _uetsid=3b531b6030d611f1924405d6127958c2; __stripe_sid=72983253-7f7a-4868-897f-9b808cca5069cbdb54; X-IC-bcx=1; __stripe_mid=5ed1ce99-b89b-4bca-895b-235f7c2eadb33b0923; build_sha=3fa8e277aea4a387825ee7f0e7f31ffebc858a6b; ahoy_visitor=AC36C68D-d48b-4ba5-9d7c-6bd96fff00e8",
  "timestamp": 1775383238983,
  "responseCaptures": 29,
  "products": []
}
