{
  "cookies": "__stripe_sid=b10747ab-cbe6-4ade-b5c1-4314d026a0bdd2669f; build_sha=e4b0cb38f0620979a5a2ed3a0d78b6953aea1ce6; _rdt_uuid=1775728810733.39250657-4e2d-4e75-9320-0c586c7da4fd; _fbp=fb.1.1775728810787.765954574682651756; _gcl_au=1.1.814754328.1775728811; __Host-instacart_sid=v2.464e2c44f905dc.VDZYmcEhMGHadJh1WDnOUB3Ql3M_biuq-znr0yt8DWc; _scid_r=GtAv67FlEibo7IUhlfHHVS5l62A_QrCWUOnUlA; g_state={\"i_l\":0,\"i_ll\":1775728825047,\"i_b\":\"qIp0iVFaXnHRKNWpeA/GlH5N931V2uVdZTsp30oVmUU\",\"i_e\":{\"enable_itp_optimization\":0}}; _rdt_em=bb3063063dc2c8b104ccd56ebcb1b149d4c8f2c8f794992ab30e6cda771569e9; _scid=AVAv67FlEibo7IUhlfHHVS5l62A_QrCW; __stripe_mid=b1aff387-940c-4303-8eb4-084e0b8f7923698f26; X-IC-bcx=1; _tt_enable_cookie=1; bradius=rate_limit_on; ahoy_visitor=11400D4A-fc8e-46e4-9230-97874460fb1f; _ttp=01KNRTYPY62YX4H11EKQHTPNAD_.tt.1; _dd_s=aid=3caee4db-d184-4161-a8ab-a4544cff3cb8&logs=0&expire=1775729723534; _ga=GA1.1.143669472.1775728811; _sctr=1%7C1775707200000; fpc_bpm=4c2efbf9-a4a1-4a2d-8294e5521876f98a; forterToken=a91e98bc68f241789fc22ea4665922d6_1775728823392__UDF43-m4_24ck_; device_uuid=e3615122-c1c8-411d-8062-df31a5a0d5ad; ahoy_visit=70B32AD7-657d-4258-b2a5-798ef5a52388; _ga_VL5WVTXMWP=GS2.1.s1775728810$o1$g1$t1775728823$j47$l0$h0; _uetsid=e574445033fa11f1b5139ff9a4a3a7d5; _uetvid=e5744c5033fa11f19cb7d5b2281491a5; _instacart_session_id=RFpjcHp6VDJVM3BQYnZ4MENWQi84cFZBVkl3UklJc3dHT3ZCOXBYTzRtazYvOVJxYUs4cTgyd04zYzRTU1JCV2toTEtGa3BXR25SMldBcTgrVll5V2RPKzBZWkNnc0laZUtzUUowYjEwSVNzYzR1WnNtSGx5eVdQekxZa29mQ2RKc01YR1pGeVU4MC8yQUYwRGpqZmd3PT0tLWRNdEdoRXhmb1dwNUYydUc0bkdOOWc9PQ%3D%3D--36c59b9a087ca9396e224871b5d97c751545ee9e; ttcsid_D23SJ1JC77U5781IKE5G=1775728810952::4sCcuDlIRooubgtY_AcU.1.1775728825203.1; ttcsid=1775728810952::m_Xwc8mnxfPEKxWcpCIU.1.1775728825203.0::1.12127.14251::6110.3.0.0::0.0.0",
  "timestamp": 1775728839351,
  "responseCaptures": 24,
  "products": []
}
