{
  "cookies": "ahoy_visit=0BCA1F8A-bcf5-4a50-a621-fc6ce73922e5; ttcsid_D23SJ1JC77U5781IKE5G=1775210410308::npRUQed2TZO8X55yVXBy.1.1775210424670.1; __Host-instacart_sid=v2.461f0655dad480.K03gAUVtZlJUV7SA-iRZYTM4-FyrY7rEr7FppGC2q-w; build_sha=d04daab3dc53d0b7907614659b81d4c95073cf61; _gcl_au=1.1.1092742564.1775210410; __stripe_sid=928f9f09-3a4f-46d7-b9ec-6171b3a41c6553b345; _fbp=fb.1.1775210410227.932819685786572073; fpc_bpm=2dcdf749-def7-4ac6-aacdd8de5a397f2f; ahoy_visitor=31EB314C-eb73-4c79-b156-0cd025ba101c; device_uuid=f3597dd6-e04a-46b5-8a65-1b87828bef76; X-IC-bcx=1; _instacart_session_id=eFNMWHFNVGJyMEZ2Q0d2bVIzbTF0TEhQNFozRjFpSzd2T3NGQXFjcXhzVjAzemdjWndjbzZwRTNTeTZQU1kzZlJWZ3JXK2FKY3NDa3RSZzZpNHI0azhYVUM4MWRIZDJzb0s1cS9xd01hZmpSWnB5dUxQcFNzY1lIVklEdVFlcEo2d3Y2LzkzRS9NT1U1bzlOKzZ3UDJ3PT0tLVd1bzlDc3RiMWtaN2JGd0dyRGxSZGc9PQ%3D%3D--12376734410b12d393047c7170e78edb4ff12882; _rdt_uuid=1775210410116.72b72bba-3e0d-419a-9262-611407686751; _scid_r=OOOz-pjJQTTBw9dr_ma2Ojt4f3_3wMSAuV7DeQ; _scid=L2Oz-pjJQTTBw9dr_ma2Ojt4f3_3wMSA; _tt_enable_cookie=1; _ttp=01KN9CJCA2GWZE2ME8JRFMHSSM_.tt.1; forterToken=a2247a53a42049868910f2016d4ab2e7_1775210423016__UDF43-m4_24ck_; g_state={\"i_l\":0,\"i_ll\":1775210424587,\"i_b\":\"zNJZA+SdiSdyaT1ZbwnFFdcao5YKev5cQcPQNQJ/o+g\",\"i_e\":{\"enable_itp_optimization\":0}}; _uetvid=e6981f102f4311f1ab8cf90285bab8de; ttcsid=1775210410309::UcBzMKbknHqOTYvsP5xC.1.1775210424670.0::1.12355.14361::6343.3.0.0::0.0.0; _ga=GA1.1.905013091.1775210410; _rdt_em=118cd1dbd475876407181e6f2a51845e859d316d116a4e01fd3396853f63ebaf; _dd_s=aid=f6779646-2975-4a58-9641-b93bbc510727&logs=0&expire=1775211323162; bradius=rate_limit_on; __stripe_mid=d930357d-446d-4b93-9480-b4bb0dad84e8c46f48; _sctr=1%7C1775188800000; _ga_VL5WVTXMWP=GS2.1.s1775210410$o1$g1$t1775210422$j48$l0$h0; _uetsid=e69814302f4311f19250f141a40c1d28",
  "timestamp": 1775210439053,
  "responseCaptures": 26,
  "products": []
}
