{
  "cookies": "_uetsid=654dc5b0319f11f1ad8e2104617973b7; ahoy_visitor=E62EAF8D-a009-47fd-b61b-9469ca89bc6f; _sctr=1%7C1775448000000; _uetvid=654df6d0319f11f1b817b74d6e41b0f4; _ga=GA1.1.459173537.1775469609; _tt_enable_cookie=1; X-IC-bcx=1; _ttp=01KNH3RGCCDSZYB2XB6FW0ES9V_.tt.1; ttcsid=1775469609359::-rR6SnpvYIqfkqTeP1cb.1.1775469624400.0::1.13198.15041::7186.3.0.0::0.0.0; __stripe_sid=ec6caf1a-db67-41bf-9370-725443240cf968d9c9; _rdt_em=f4a75736e6cd36fafd527a994e9a70f59853444dc5604624d9eb2f7c18378495; _scid=eycHk_ycRJP9-aswLOnHY488wxhrBtgH; _rdt_uuid=1775469609181.97676c22-00d9-4f7d-8b92-0fc677ff7ba2; device_uuid=d01e448b-1214-4ae7-9f0f-6070d238a992; g_state={\"i_l\":0,\"i_ll\":1775469624330,\"i_b\":\"C9k3+2QKOf0gAgM1h+hBs3ljdgHkEAw3odw0n6Smapk\",\"i_e\":{\"enable_itp_optimization\":0}}; __Host-instacart_sid=v2.46369950fe394c.tfepHGjDQseR3FmzltIiQEzMMtcmx-bmHhR4PHRqFko; build_sha=3fa8e277aea4a387825ee7f0e7f31ffebc858a6b; _dd_s=aid=403cca98-bad7-4e89-a04d-e2fad1210107&logs=0&expire=1775470523180; ttcsid_D23SJ1JC77U5781IKE5G=1775469609359::DOnWOTMQkrXM7fsYyTqq.1.1775469624399.1; __stripe_mid=fe799611-3957-4de7-a0e2-b2d2ad26b473508830; _instacart_session_id=d3B2ZjdDdlcvR2d2eTlpZDdZTUVNTEdvV21UZTRtT0FWTzBuRjI4KzQ4Zm5HZWh4QUQ0dkhDT1hLbE1uRUZZWDVIM1pxZEtHaituRUM2aFZnZmpUOUw4dXpDL2RBZU52cU1XRTQ4WHFjWlNwd3dmZTdHdkJiT2FQV0trYnNtaUhUeGdkUEU5TDMyS2xpVGJFOWx0T3FRPT0tLXhQTklTY0FoSlp0MXp0MjRwelBjRnc9PQ%3D%3D--d192fb72249f76d99040cd02fd6c56c6f54e3536; ahoy_visit=326B9451-edde-4fba-af8a-6ce4707a46d5; bradius=rate_limit_on; _ga_VL5WVTXMWP=GS2.1.s1775469609$o1$g1$t1775469623$j46$l0$h0; _gcl_au=1.1.2024571127.1775469609; _scid_r=dKcHk_ycRJP9-aswLOnHY488wxhrBtgH59HUog; forterToken=519c38dd6dc5427a96be556196cd5d74_1775469623057__UDF43-m4_24ck_; _fbp=fb.1.1775469609216.753466057467323493; fpc_bpm=0586c652-6651-4c4a-92084b53f111dfb2",
  "timestamp": 1775469638890,
  "responseCaptures": 25,
  "products": []
}
