{
  "cookies": "_sctr=1%7C1774756800000; _dd_s=aid=d06f419e-1d0c-4d94-a549-31ba81123643&logs=0&expire=1774838343462; _uetvid=7d67aff02bdf11f1aa7071c8afdcca0f; ahoy_visit=99603915-468e-4ecc-beef-98eac088695d; _uetsid=7d67bbd02bdf11f1a5cd8b2780b43946; ahoy_visitor=6A773A87-71c9-495f-ac68-30bb7d95ae30; _ga=GA1.1.1677327174.1774837431; _rdt_em=70c4dbab2223ceb83a6c2611c3e514627394ab402d275e165ce82fcdf0ae3596; _rdt_uuid=1774837430540.4cf81582-1d42-465e-8b12-6b4f77b0c411; _fbp=fb.1.1774837430587.29276672396669505; _ga_VL5WVTXMWP=GS2.1.s1774837430$o1$g1$t1774837443$j47$l0$h0; _gcl_au=1.1.139713593.1774837430; device_uuid=7ca053fa-c341-488c-b23f-84935a750b61; g_state={\"i_l\":0,\"i_ll\":1774837444952,\"i_b\":\"e6ZsHeR6lZ9hyyJuW1qsf3yOI4Cm9V+lxTKiR/3rtTI\",\"i_e\":{\"enable_itp_optimization\":0}}; _tt_enable_cookie=1; __stripe_mid=0b310523-d154-488c-9f01-5f60703175fea440c1; fpc_bpm=d48422b2-ec4a-433a-83b6e452f8e682fb; __stripe_sid=5db6f723-a27d-4f13-8244-a36ec05e6d2d0de611; __Host-instacart_sid=v2.45fd1a34c75188.lKewH9BikmY8dt5qvdMKqgKAVe495bKCo3Ag9isGTyU; _instacart_session_id=RnRQeDlOSW0xazZqaWpSUnNNVU96cE1IcE14eVk1WjRtbzQ5ejdTL0hDZGdQRjJFSnh1bHNkVXBTOGhZeHk3RE1rTUZ4NzRPak16S1BDdytZOVJycStLK2pidithbzFTMlZYSGhzK241SzNqL0VHMS9sRzdqTlFiK1M1K29YdFlVSGk5Vi9LalJEOUdsd0taK0tWZnFnPT0tLVU5blNDREhXT0M1VXNFajJmcm5TR0E9PQ%3D%3D--aba77050a742af1c8ccbf842c89ea79b9a23521e; _scid=U1EgGENZUea6usF_x9HyVm1m7J2MFJ15; _ScCbts=%5B%5D; forterToken=eed59cd156bb43faa1fdd174788f3c87_1774837443326__UDF43-m4_24ck_; bradius=rate_limit_on; X-IC-bcx=1; _ttp=01KMY8VYC0TJNVZVS29QDS8BFY_.tt.1; _scid_r=bNEgGENZUea6usF_x9HyVm1m7J2MFJ15gskPlQ; build_sha=6f08404ab518008b622ad540ef0d523c8a9a638c; ttcsid_D23SJ1JC77U5781IKE5G=1774837430658::Pns36w9t3e25H3tduP4T.1.1774837445015.1; ttcsid=1774837430659::6rmVQXdttIAsCfzh_8JI.1.1774837445015.0",
  "timestamp": 1774837459436,
  "responseCaptures": 25,
  "products": []
}
