{
  "cookies": "device_uuid=b22bd018-1a81-4a79-84d6-5158a7872252; build_sha=ad186b3632e163a189344fc6b6f4fb2ff4269a44; __stripe_sid=1e73c363-207a-47cf-b0b6-fdcfe78f20ec2bb215; _fbp=fb.1.1775901609390.303174708514063167; ttcsid=1775901609246::Kd01BgGm5ALPzuWJ-4F9.1.1775901624583.0::1.13515.15337::7506.3.0.0::0.0.0; bradius=rate_limit_on; X-IC-bcx=1; _rdt_uuid=1775901609566.a7996e78-5cef-4ab6-baa3-56bcf1082671; _scid_r=H0w51w0LbNRVUGgX0S8HQCHR9VyFNbvrnBcUjw; ahoy_visitor=841A6C50-b149-4f3c-8270-421acb458935; forterToken=0fae0902f6ec44a591afda0eb122ac9a_1775901623093__UDF43-m4_24ck_; _scid=Bsw51w0LbNRVUGgX0S8HQCHR9VyFNbvr; _tt_enable_cookie=1; _ga_VL5WVTXMWP=GS2.1.s1775901609$o1$g1$t1775901623$j46$l0$h0; fpc_bpm=ae0459a8-cbe8-4f17-9595c29a1a0eab6c; _instacart_session_id=YlkvaU9BSkNuZFFjUWE5dGNoOXdBMWdTSno4aHhSMzByV2JDL09maDNPOGlua1FyTWVrSWprWnRQSStabmlqQmhuRGpGaXg5VFQ3aXFjdml1WGxDVVpPL0JJY3d4YStiWis2NisvYmJpOGVvWVNjcWMyM2JXVXZwM3R4NWx2N3I5Q0NqUk82dkdwUHBEVXR2TkhyWTNBPT0tLWxrQy9sZm9ZOGJOcGNyemRPUkw2NkE9PQ%3D%3D--61a48ffbb738deaee630222c9fd48339c1481623; _sctr=1%7C1775880000000; __Host-instacart_sid=v2.465de382573a0c.TiUA25kxBLLQ_KK7RwM37plvFOeabCuyayQW8Axnb20; __stripe_mid=d8bd1776-a330-429f-8683-0130390f19df535077; _gcl_au=1.1.98456874.1775901609; ttcsid_D23SJ1JC77U5781IKE5G=1775901609246::2hoIweCfNZ8W_6UHUUS8.1.1775901624582.1; _ttp=01KNXZR38VAHZK8NKF0SSCFC8S_.tt.1; _ga=GA1.1.1241816608.1775901610; _rdt_em=399f54cefe6231ec20f17b4ca9aabc8006b49b5261f527aa44ea6dad205bf98f; ahoy_visit=3767AE1B-1324-4135-8b82-8706b3e6d264; _dd_s=aid=75aa7087-ac7c-4dd5-8f0c-8cc2f432702a&logs=0&expire=1775902523236; g_state={\"i_l\":0,\"i_ll\":1775901624223,\"i_b\":\"vCCPcB0ybm8V21s8uEZfEiG2bPfdQQ5by1ft5Tzz234\",\"i_e\":{\"enable_itp_optimization\":0},\"i_et\":1775901624223}; _uetsid=393a8e70358d11f1abb2d76cee174473; _uetvid=393ac0d0358d11f188976dac80f8a7c9",
  "timestamp": 1775901638983,
  "responseCaptures": 28,
  "products": []
}
