{
  "cookies": "ahoy_visitor=13B87444-ef88-4156-9a6b-8045cc9982eb; ahoy_visit=B73468F4-43e0-4770-816c-dd1418763361; device_uuid=2dc56ede-bd23-4f8d-ae88-377397d39550; X-IC-bcx=1; _sctr=1%7C1775016000000; _ga_VL5WVTXMWP=GS2.1.s1775037608$o1$g1$t1775037621$j47$l0$h0; build_sha=89e4554379267386aef47d382bca9a69b39a445f; __stripe_sid=3ae722ef-8f11-41f1-ba10-d486e3f03ff176a104; forterToken=71d5b4044e754b01878fdf7848fcd4da_1775037621542__UDF43-m4_24ck_; _ga=GA1.1.1148208856.1775037608; _fbp=fb.1.1775037608319.42864570868897001; ttcsid_D23SJ1JC77U5781IKE5G=1775037608424::HbSLv0Z7x0n6n3GyGscL.1.1775037623116.1; g_state={\"i_l\":0,\"i_ll\":1775037622990,\"i_b\":\"/7xAgn/yld24UTadr+1jt/2DBDBbMYV1uqRK+KqXsN0\",\"i_e\":{\"enable_itp_optimization\":0}}; ttcsid=1775037608424::vrJZKcpyh_VEjNHrnUpu.1.1775037623116.0::1.12774.14693::6758.3.0.0::0.0.0; fpc_bpm=8c868a9c-c3f7-425c-a3d55dc47b9c30f9; _dd_s=aid=ef1e942f-9a67-4f37-aa31-0031c70c00dc&logs=1&id=030b6883-3042-4620-b6c7-2d32fcdbde09&created=1775037604063&expire=1775038521679; _gcl_au=1.1.544046469.1775037608; _rdt_uuid=1775037608237.a95b922f-3e78-4f99-9044-a470dd6df771; _rdt_em=25b28b9bc259c888c7b01d37cd949cc3762d4bb7ce3662fd63ab49f99a58b7c9; _instacart_session_id=NkxOTmo4Wm4xNE5lVWtYYWVLRnB3MzBqM3o4T21tTzVMOVY3MlBGQkQ4SStEUGtKK2k3Sjg3M2l1MGx5c0VGQThxQ0Y5ZHZyQ05NZXNTVTRWdC83T2pvNkNVSnJwVXRwQU52OS9LUjJlNUQ3YVRXOVlXR0UzUERTazg5dGhpa2ExTU8xenJUU2trUEQ5d1JKdlZYSEVnPT0tLWlibVJIZ1lpREF5bmlFTnpyblNEZEE9PQ%3D%3D--b13adfd19370bec62ce4c6b96fa804e89d3e4bda; _scid=8o2T-qQBQ-96dKE-FMp5jwuSX3_5uwfe; _uetvid=90a56a602db111f184953d866535a4ab; _uetsid=90a575102db111f1a9934b97322c413e; _ttp=01KN47RWF5TWBKBEY1D20Q2C5E_.tt.1; __Host-instacart_sid=v2.460f4eefe5a97c.fzx6_KUt5-OBi07o3KFC_pSd3Oln5t9QNqZEDzMqywo; _scid_r=Cw2T-qQBQ-96dKE-FMp5jwuSX3_5uwfe37KGzg; bradius=rate_limit_on; __stripe_mid=24f81f41-78e2-4083-ae3b-e07fc52b0dd169dd9c; _tt_enable_cookie=1",
  "timestamp": 1775037637448,
  "responseCaptures": 23,
  "products": []
}
