{
  "cookies": "_dd_s=aid=c55f1a33-cea4-46e6-9bbc-afda0f2104aa&logs=0&expire=1777371348346; _uetsid=2a09555042e911f1b9505d1693d023c3; device_uuid=27233d2b-5674-42b8-b848-88d62dbbd780; X-IC-bcx=1; __Host-instacart_sid=v2.46e37a17330f78.jJwwcoGfK1O1-YVDvOt7Erf5-PDMxZK0Yaf4z4cp7M4; ttcsid_D23SJ1JC77U5781IKE5G=1777370461960::kZYvWvpmmHIm0CRN4FHf.1.1777370461964.0; g_state={\"i_l\":0,\"i_ll\":1777370457749,\"i_b\":\"msPzW5rp9tKfY3ISCFwQCmGY5VrJPKNbUeFGwa4yFOg\",\"i_e\":{\"enable_itp_optimization\":0},\"i_et\":1777370457749}; _gcl_au=1.1.1149355316.1777370461; forterToken=7946530fc3f745db82ed5e72091d2056_1777370448285__UDF43-m4_24ck_; fpc_bpm=701ac0a7-691f-4ffe-8ea389a8ae1b7a01; _scid_r=DUVgoj_Fg4JYXYI3USuyl0NaLCcfi8kU; __stripe_mid=913aacc2-5cb4-40c0-aa1b-6b44bc6fd57bfd2e36; _instacart_session_id=ZWtxbDZMa1RxcVJONkcrRndLcDVtWm1hdDdORGNKbU82Zkg1UzYreVRkaWs2cllUQXBhK3duVStLZG8yOXluczRHeXJBZUFUeGZGaEFrb3k4djFTSjhRelAzWHUzT3NSWitDNWtESE5KSFZuL1owTTJRNGdWSVk0MTdxOFhjMjNSL21od1F2QWZFODZvR280cVdLb1ZRPT0tLTRzMnRvemJzR1FuM2hRa2x4RlcreWc9PQ%3D%3D--7409b13ae2e811def1df0f17c950ee4ce1e30e9d; _tt_enable_cookie=1; ttcsid=1777370461960::d-zmJeLyurbipqPo4iPr.1.1777370461964.0::1.-18377.0::0.0.0.0::0.0.0; build_sha=9acc061e1987982912c32af57547a1646e92fb5b; ahoy_visit=CB128F64-eec4-4b59-9765-bf030dcae670; _sctr=1%7C1777348800000; _uetvid=2a09749042e911f1bfa451c641fbd495; bradius=rate_limit_on; ahoy_visitor=8CD113E7-f86b-415e-aefd-bf2e4a0fcc2b; __stripe_sid=0fc37d1b-e51e-4429-99fe-f100fe666a9c939740; _scid=DUVgoj_Fg4JYXYI3USuyl0NaLCcfi8kU; _ttp=01KQ9RHXR5P0DRDZ141JTTW81A_.tt.1",
  "timestamp": 1777370464190,
  "responseCaptures": 24,
  "products": []
}