{
  "cookies": "X-IC-bcx=1; device_uuid=61e20be1-f437-42e3-be6b-cda08af0576b; ahoy_visitor=5C37BB8E-6040-4396-b29b-220abaa17f27; _gcl_au=1.1.1594049102.1776420015; _ga_VL5WVTXMWP=GS2.1.s1776420015$o1$g1$t1776420029$j46$l0$h0; _ga=GA1.1.2107437643.1776420015; _fbp=fb.1.1776420015422.882198636495571404; _dd_s=aid=01149e8c-fe93-47f9-9b5d-a1e165cd406c&logs=0&expire=1776420929226; ahoy_visit=DA116DD7-23bc-4b67-a259-8bd3b7d671e6; build_sha=6f8dd52e7bf18688063b9fbb3c9e14deb2772616; _scid=iIjDCDXPRHO1tKY88qkSBJSdj43c79M4; _rdt_uuid=1776420015275.b490cf15-5a93-48bd-a6ee-79c41c864f1e; _rdt_em=b761be806061b662cbf002b9b4ad14925eea42d125db0793ff4245052087daed; _instacart_session_id=NEdwZUErd2R0bHJzUWU5am1LaTZ3QUs0QjBvbkVNUzhQTnF3WmZxOCtkK25hczEvcG1uaUIxUnF2ZnZKanlDTEdyZWxCZjhnMXl1WjNqdGhLSEVEeDJCSkFPSVRXTnNEY0U1aTJKWU01RHRnVWpYZ2ZjZklFNUd2YjJ6bngrTjQ3L29iVkVBMmtFcU9XRGNDeW9qQ2NnPT0tLW91cW5HYnNVZnY2UkJveFI5OW9uTUE9PQ%3D%3D--736e89fab481a1e609ae0e78ea1129f6d404c4a1; _uetvid=3b6d17f03a4411f1a61d59837719cb1d; g_state={\"i_l\":0,\"i_ll\":1776420030299,\"i_b\":\"NQ8wyk+UBzCC6XSTp+vkuyE4IL6jg5pR+3TGIlNvAVI\",\"i_e\":{\"enable_itp_optimization\":0},\"i_et\":1776420015335}; __stripe_mid=b46a2e38-b36a-4300-933d-7ca5a5232ef0870a66; _scid_r=kQjDCDXPRHO1tKY88qkSBJSdj43c79M4vZEvQw; _ttp=01KPDE4K91VWYS7S1ZW84J8GGD_.tt.1; forterToken=0139ab2ae1e747cd84c84ac7c0497ec3_1776420029160__UDF43-m4_24ck_; ttcsid=1776420015396::js1W18aWxs7CF23KS39A.1.1776420030322.0::1.13413.14926::7407.3.0.0::0.0.0; fpc_bpm=c53a792c-8c6a-495d-88429e36f41282c6; bradius=rate_limit_on; _sctr=1%7C1776398400000; __Host-instacart_sid=v2.468d09a4e61d80.8Un_nuFYn2WLkR7qAXwzQl0WaWGbVMPXlHCZzggwgmc; __stripe_sid=181ea89e-1275-4ac3-8f5c-ec3be7832fb525bb38; _uetsid=3b6cda103a4411f193cf8d9fa0781cbf; _tt_enable_cookie=1; ttcsid_D23SJ1JC77U5781IKE5G=1776420015395::X0K96no14hPSgdlLZjMC.1.1776420030322.1",
  "timestamp": 1776420045034,
  "responseCaptures": 26,
  "products": []
}
