{
  "cookies": "_rdt_em=c9fde43a56ad7c9c4f7bad025e4cb40a8a6fc79644c765ece72047df2c9aceb6; _ga_VL5WVTXMWP=GS2.1.s1776938409$o1$g1$t1776938422$j47$l0$h0; bradius=rate_limit_on; build_sha=d594e5f7ffe741981ddd25970116250819e0c60f; _ttp=01KPWWGR3YF9KXCC3FAHVW89ZE_.tt.1; _rdt_uuid=1776938409831.6d578e2e-b868-4499-9dda-0638b433f8e8; _scid=TUlfQ3l5sOUyOoEvMdX8oEReG8g_f1LB; _tt_enable_cookie=1; fpc_bpm=ef369983-5175-40fd-ad6965429cfd599e; _uetsid=36a48c203efb11f1b0c1adb8a54d9ecf; ahoy_visit=5901031B-1947-4253-9e58-6c7a09a82698; device_uuid=98f1c37f-3bb8-438d-ad92-8ac03de4a81b; _dd_s=aid=ad8e26ca-06c4-44ff-a6f2-2f70e047bd4a&logs=1&id=04497c12-ead5-4433-9330-2b46abadca41&created=1776938405780&expire=1776939322991; _gcl_au=1.1.278102762.1776938410; _sctr=1%7C1776916800000; __stripe_sid=5c4864fa-723f-41d0-b489-e91f3fb7a865b15e9a; forterToken=25227aec58cd409d8a08414ff43e556b_1776938422933__UDF43-m4_24ck_; X-IC-bcx=1; g_state={\"i_l\":0,\"i_ll\":1776938423944,\"i_b\":\"AOcKZ0FUYi4jzSpld8I87azj/8TB3R9/gyOrxw8Q8Kg\",\"i_e\":{\"enable_itp_optimization\":19},\"i_et\":1776938408874}; __stripe_mid=ecc6c319-0631-4986-9224-88a829bc6fb461e9f1; _fbp=fb.1.1776938409909.784183500318911942; _instacart_session_id=Yzc1V1FpcTd5YWsvcUMxTUxtWXkwMnBQQWpVK1daaGFUVHJZRUJzVi80NG95dmo5TVoyaVFTUEp3a3JBM1lvdWdJSTIvUWtqMWZmK2tIaHNBa1I3alZ3bStOdTY5VVNYRCszSFdEWVE2cHlDUDgzWVdOdDVqY3hEUlQ2OUNyTGFLYTVHVThnbFY4dS9hSmh4V1BMbzBnPT0tLWplY08yYkxNc21BM2Z4YWplV3lTbkE9PQ%3D%3D--b72de51b8d32169d29f2e1b2efbaef7e4c1a68d4; _scid_r=VslfQ3l5sOUyOoEvMdX8oEReG8g_f1LB_M0J7w; ahoy_visitor=6F4D813B-5669-4814-9a24-4630e9343880; ttcsid=1776938410112::drJ9RcOGFtGhdjS8WDXa.1.1776938423956.0::1.12468.13844::6461.3.0.0::0.0.0; __Host-instacart_sid=v2.46bc2f75507454.-WC_1XOJB8KoWEljLZjxz9OLL66NB6ZpYLkkle6YlkA; _ga=GA1.1.63285628.1776938410; ttcsid_D23SJ1JC77U5781IKE5G=1776938410112::OEWTKfwQuacDmdsJo09s.1.1776938423956.1; _uetvid=36a4c2403efb11f1bb405b3c69337f15",
  "timestamp": 1776938438740,
  "responseCaptures": 27,
  "products": []
}
