{
  "cookies": "fpc_bpm=92c7f110-c4e3-478b-99b2bb6314b51286; _uetsid=10ca3130300d11f1956f5b9913dd7b1f; __Host-instacart_sid=v2.4626e1f871d1e8.VbWvWu7vBSBrRxHf2LTNApuvMKwHPsmuGEDGkGLt_44; _rdt_em=14447723f2214d34e84e9265029be8eba2d1b7fa41ac0baef6c137505e22b3e0; _fbp=fb.1.1775296809880.512519287307615808; __stripe_sid=8240b204-16fa-477b-80fa-707c6abe6b7aa620ce; _ga_VL5WVTXMWP=GS2.1.s1775296809$o1$g1$t1775296823$j46$l0$h0; __stripe_mid=f863163a-a77b-4db7-bbcc-5fdd11cf6eb45c56da; _dd_s=aid=c4de5313-13dd-400e-9860-8f2be6d75e1b&logs=0&expire=1775297723451; _sctr=1%7C1775275200000; _gcl_au=1.1.1051499722.1775296810; ahoy_visitor=8164C50F-d046-4951-9786-f2b7906655ac; _uetvid=10ca7bf0300d11f187589d73fdd692c2; device_uuid=ee1b3b7b-163e-4ca5-a92a-7349f0ec2401; forterToken=2862b1a6c94a4713b322c33fbc10a650_1775296823323__UDF43-m4_24ck_; _rdt_uuid=1775296809732.a7a0f3de-8eed-443b-9e5a-87c02d038bd4; _ga=GA1.1.2011575146.1775296810; g_state={\"i_l\":0,\"i_ll\":1775296824534,\"i_b\":\"paHlkI47AF+gIRjDdxphbC7+AlezUfIsoPg5ByKXv+Q\",\"i_e\":{\"enable_itp_optimization\":0}}; ahoy_visit=B561B74F-2b16-4a92-a456-34606a20fb6c; X-IC-bcx=1; ttcsid_D23SJ1JC77U5781IKE5G=1775296809941::5yIvk9FxGPDz0oa5ISQ9.1.1775296824900.1; bradius=rate_limit_on; build_sha=3fa8e277aea4a387825ee7f0e7f31ffebc858a6b; _ttp=01KNBYZ2YKD6G06Q4QFKSRTWVZ_.tt.1; _instacart_session_id=eHErWTZaWFI5UDVZOE54d256MGRMaVVIZVNjOGh4YzI0b3lrT3FZOFV1bkJXc3BCblk0ZThRQnk5SnUrOVRJVi9ZYmdLTVRvQTRYTmlSd1ArUW96OEdzZkRucnFaYVpXbHluQlJCaVdHNzlXcis2WU91Z2ZrbFd0Y05LRUp5dVRPUEMrNjlUa2dyaXRVRnBReGllSUNRPT0tLW1VcTlQcXY4MzJWbUt1RGtmQ01BR1E9PQ%3D%3D--549f74a26cd8bdd93b6d6b89710a4ae1a3eea1e4; _tt_enable_cookie=1; _scid=1kUgwG-FvCf98shgy95b07pa7EXDoooc; ttcsid=1775296809942::Dg-kGaPKklqsw8NcRgRC.1.1775296824901.0::1.13040.14959::7028.3.0.0::0.0.0; _scid_r=38UgwG-FvCf98shgy95b07pa7EXDooochsZoEg",
  "timestamp": 1775296839250,
  "responseCaptures": 27,
  "products": []
}
