{
  "cookies": "ahoy_visit=5F4F5B89-1a9e-4574-b140-f00c6b43f0a3; device_uuid=b80c3967-1a13-4d8f-a707-0a15db822bf1; X-IC-bcx=1; bradius=rate_limit_on; _ttp=01KQ21C80E7GK1YMMBYW6D925B_.tt.1; ahoy_visitor=0A615006-a129-4cfb-8e96-f4aa8190bd67; build_sha=980070b5098732076716f1f4f80bbe5e41aea800; ttcsid_D23SJ1JC77U5781IKE5G=1777111277586::D5r6ECpcFnACuf1Z_e-x.1.1777111277591.0; __stripe_sid=85a799d7-d1c9-47af-b8d9-f0bf4604018141accd; g_state={\"i_l\":0,\"i_ll\":1777111275855,\"i_b\":\"u4UYJbbkx/rt4nB/0KV+61EOWL1EzWmkakY3/WCAgqY\",\"i_e\":{\"enable_itp_optimization\":0},\"i_et\":1777111275855}; _tt_enable_cookie=1; _instacart_session_id=NHNaNjFLaTczYjlnMndJQ0FQREtFVENmUXVhTEVYZ1BMTFBoN1VHT3hpbHhaZzc0enZYbEJHUm9rQTlYUmc0MHQzZC80OFZBcU04ZUNabXJTeDVrUUxoYWg2cnZUd25IOTJpNUFQTE9uUjVINHFud1lnRGZScnJJRnRQM1JjdkdZeGlMenRyS3p0Z1hXWUt2bk5WZW9BPT0tLS81bUFoOVJnRURWaVUxRUgzdnZ5Q3c9PQ%3D%3D--06bdab2ea59652f6d58f8d86f0a72683171c3298; ttcsid=1777111277586::hHvkgiZw0JjrtxFsWBJB.1.1777111277591.0::1.-17074.0::0.0.0.0::0.0.0; _uetsid=b3c74be0408d11f195578321df71d611; forterToken=bd62646ce07f4e1e9c4d5dd9e26d27f8_1777111261671__UDF43-m4_24ck_; __Host-instacart_sid=v2.46cbe736a4d9c4.HqNVTLQjli540TJuBjb8rA0Y-9VgArnvO82mj_xkqpo; _uetvid=b3c76330408d11f1b1ff47bf0e9ef199; _gcl_au=1.1.1745948299.1777111277; _scid_r=eUIC4YY66sQMBblG2W-mSH5XzmZXjkzV; _scid=eUIC4YY66sQMBblG2W-mSH5XzmZXjkzV; _dd_s=aid=7722f70f-e068-490e-a58b-d005fec24cd3&logs=0&expire=1777112161735; _sctr=1%7C1777089600000; __stripe_mid=b5225d5e-7608-46b3-9776-fa86ede4160870a29e; fpc_bpm=c821e1d0-3ff1-4a9a-ba5bdd3b50c394bd",
  "timestamp": 1777111283606,
  "responseCaptures": 11,
  "products": []
}
