{
  "cookies": "ttcsid=1777284052950::ngvTMuBAsSogl3hczkAT.1.1777284062956.0::1.-3702.0::0.0.0.0::0.0.0; build_sha=0dfa379986441c8838f28f25328e7b4878dec852; X-IC-bcx=1; device_uuid=50c5267e-b84f-47d2-ba35-b21300f95cda; ahoy_visit=33563A2D-2696-4ac9-b77f-f7b56472f693; _scid=uJYMImzmzSbx82AbGRvt666ryKc3hocX; _ttp=01KQ764XYMPE5ZB9VG8CVSRD1T_.tt.1; ahoy_visitor=D068C2CD-311d-4dae-a852-ce558427291b; _uetsid=f9ebc190421f11f188b39d09c62b86fc; _sctr=1%7C1777262400000; fpc_bpm=a8a7f4c6-395b-4f6d-9e1995cc0beed913; _gcl_au=1.1.1494199031.1777284053; _tt_enable_cookie=1; _uetvid=f9ebeb10421f11f1a0a3870ff5ac1f52; ttcsid_D23SJ1JC77U5781IKE5G=1777284052950::UQ0hWOF8z7Z2LuIdiPrq.1.1777284062957.1; __stripe_sid=f98b1e90-27ff-49b5-9827-e7d9864fc094b9246a; bradius=rate_limit_on; __Host-instacart_sid=v2.46db9e5a4418c8.leaFwYyXxz35mv1smqyplMDYZ9hwbk89tvffd0ii3xU; _scid_r=uJYMImzmzSbx82AbGRvt666ryKc3hocX; _instacart_session_id=RmFzZGEzYmVINGdUQWxGZm5CUXhzOFRma1B4eHdXdVNyVzFWVU5naEZCZkZEeTczMUZIVFZ5RXdqaWxwSVVmR29FNU12dmJjRFRpL1FMZ29FbnNaak85ODV1YzJPYmF0OS9sWFlTWHlIRnpKUUI2UUxqdzViZlg1R0d6eVBiblZKTmxrbGpYM1N1RHZFWERSc1hZUU9RPT0tLXMrVWtJM1V1WWUyaTFxT1pTODBRakE9PQ%3D%3D--b6db8de6b3a6d9f983f3a45292535b4861687f57; forterToken=2bcdcab214d24c71aeadd250a68fb58e_1777284049571__UDF43-m4_24ck_; g_state={\"i_l\":0,\"i_ll\":1777284051489,\"i_b\":\"MMDjaFJDLHR8Yih3LPL4wN7L3XlJwH+Js0KBpsug7mM\",\"i_e\":{\"enable_itp_optimization\":0},\"i_et\":1777284049046}; __stripe_mid=9c68acac-caff-483c-b4e4-fad37f990f4a3628f0; _dd_s=aid=d67fd05d-911a-4892-8951-c14a6a75fd2f&logs=0&expire=1777284949653",
  "timestamp": 1777284065420,
  "responseCaptures": 24,
  "products": []
}
