{
  "cookies": "_scid=qAiddjUaNzzr7rFYqEjOIrIdWftwTapn; ahoy_visitor=3B2693FD-b6cd-42cf-9a5d-ec8ae729e28e; device_uuid=8c2bba22-9d28-45b3-b61a-395e183c2630; __stripe_mid=b26eb2be-c9b8-4ac0-a0d7-20748bac133fa83d47; _ga_VL5WVTXMWP=GS2.1.s1774877745$o1$g1$t1774877758$j47$l0$h0; _dd_s=aid=bd39fdf9-16c7-4e87-b56a-23516b53fd09&logs=0&expire=1774878658556; g_state={\"i_l\":0,\"i_ll\":1774877759646,\"i_b\":\"d44PKrRQwB8NAI4sjpoRMgivGzzAgwv4NmRzsJGjtms\",\"i_e\":{\"enable_itp_optimization\":0}}; _uetvid=5addd0b02c3d11f1971523d9f5ef9c24; ttcsid=1774877745420::lP1-PsV4M0gmNznYqztz.1.1774877759674.0; _ScCbts=%5B%5D; ahoy_visit=1B9D2D71-8a69-48d6-a2fe-73af2610f1b1; X-IC-bcx=1; bradius=rate_limit_on; _gcl_au=1.1.451415470.1774877745; _rdt_uuid=1774877745280.a0bbb817-dd9a-42f8-b950-ddeb5953573b; _ga=GA1.1.329537869.1774877745; _fbp=fb.1.1774877745356.736155145700273026; _rdt_em=f277aa003fb9a0eb0058448ce8ee12d8dad74b9d36f76e6a3c9437d3a59edbe7; _sctr=1%7C1774843200000; fpc_bpm=a0696b6f-0526-4169-aa164315a5bbea2e; ttcsid_D23SJ1JC77U5781IKE5G=1774877745419::cnwkUNUQK-WUHmvj-6zf.1.1774877759674.1; forterToken=16517a37e4d54864adf2f7f14f0e7701_1774877758448__UDF43-m4_24ck_; _tt_enable_cookie=1; _instacart_session_id=NnhkeTNObmZ1bjFiY1o1VzFyTHU3NGZsNGNaaExWU3lENk9HaDNjZU1yOFR2S2ptUnE2cUthZzBkaE9ySlhDTHRvUXRxVm91L2U1VmZ0KzZYQnpBeFl0bHV6QjdqTTF6UVpTOXNwbzdrejYvZ05nR3dqRDFOUXhKQlNKa2cyczE3RlRMdU5xMU5OYkV1cDlSS0VsckF3PT0tLTNTZ3JicUZ1RnJmODNSV01NUTNwdkE9PQ%3D%3D--a360023468bd2e9038aa7c6ea4f14bea23dab7c1; __Host-instacart_sid=v2.4600c4d46fb824.M_ksKuvzvSBzuaHWlGUh5LfU9EPjpvcQWpNOM7imRBE; build_sha=6f08404ab518008b622ad540ef0d523c8a9a638c; _scid_r=sYiddjUaNzzr7rFYqEjOIrIdWftwTapnYzDbYQ; _ttp=01KMZFA88ACYAVHPXVDFJZ456P_.tt.1; _uetsid=5add8d902c3d11f19ff0c1f377799430; __stripe_sid=e0471287-48dc-4ebb-8710-130662388b306bbdf3",
  "timestamp": 1774877774313,
  "responseCaptures": 27,
  "products": []
}
